stop_id,stop_code,stop_name,stop_desc,stop_lat,stop_lon,zone_id,stop_url,location_type,parent_station,stop_timezone,wheelchair_boarding
94-52001,,Abrantes,,39.4396858215332,-8.19376659393311,,,0,,,
94-48124,,Abrunhosa,,40.5728874206543,-7.64854621887207,,,0,,,
94-36046,,Ademia,,40.2503356933594,-8.45053958892822,,,0,,,
94-18119,,Afife,,41.7782096862793,-8.86222076416016,,,0,,,
94-61002,,Agualva-Cacem,,38.7640151977539,-9.2966833114624,,,0,,,
94-3046,,Aguas Santas - Palmilheira,,41.2005653381348,-8.55650520324707,,,0,,,
94-39057,,Aguda,,41.0517234802246,-8.6515588760376,,,0,,,
94-42218,,Agueda,,40.5773582458496,-8.44844341278076,,,0,,,
94-42267,,Aguieira,,40.6113128662109,-8.45872211456299,,,0,,,
94-37093,,Aguim,,40.4162559509277,-8.45672607421875,,,0,,,
94-34439,,Albergaria dos Doze,,39.7975273132324,-8.58575630187988,,,0,,,
94-78063,,Albufeira - Ferreiras,,37.1288375854492,-8.23318481445313,,,0,,,
94-74120,,Alcacovas,,38.407901763916,-8.09642219543457,,,0,,,
94-53504,,Alcaide,,40.1336784362793,-7.44773006439209,,,0,,,
94-53140,,Alcains,,39.9194755554199,-7.43617677688599,,,0,,,
94-69039,,Alcantara-Mar,,38.7019386291504,-9.17207431793213,,,0,,,
94-67025,,Alcantara-Terra,,38.7075881958008,-9.17284870147705,,,0,,,
94-90092,,Alcantarilha,,37.1699905395508,-8.34758758544922,,,0,,,
94-53629,,Alcaria,,40.2001495361328,-7.51826286315918,,,0,,,
94-49411,,Aldeia,,40.6009483337402,-6.87313079833984,,,0,,,
94-11064,,Alegria,,41.1762542724609,-7.37739706039429,,,0,,,
94-35006,,Alfarelos,,40.1653671264648,-8.63447284698486,,,0,,,
94-52068,,Alferrarede,,39.4735450744629,-8.18784618377686,,,0,,,
94-69088,,Alges,,38.6983451843262,-9.2292366027832,,,0,,,
94-90050,,Algoz,,37.1680221557617,-8.30478954315186,,,0,,,
94-61069,,Algueirao-Mem Martins,,38.7983665466309,-9.33836936950684,,,0,,,
94-31237,,Alhandra,,38.923267364502,-9.01161289215088,,,0,,,
94-95075,,Alhos Vedros,,38.6523323059082,-9.02857398986816,,,0,,,
94-78253,,Almancil,,37.0950965881348,-8.02407741546631,,,0,,,
94-51102,,Almourol,,39.4626274108887,-8.37497520446777,,,0,,,
94-53355,,Alpedrinha,,40.0951843261719,-7.46282577514648,,,0,,,
94-6338,,Alvaraes,,41.6484336853027,-8.73914337158203,,,0,,,
94-52209,,Alvega-Ortiga,,39.4723434448242,-8.04525279998779,,,0,,,
94-31187,,Alverca,,38.8892440795898,-9.03457260131836,,,0,,,
94-74351,,Alvito,,38.2331314086914,-8.00077247619629,,,0,,,
94-60087,,Amadora,,38.7591323852539,-9.23452091217041,,,0,,,
94-35097,,Amial,,40.1923522949219,-8.54496097564697,,,0,,,
94-18150,,Ancora Praia,,41.8162078857422,-8.86679458618164,,,0,,,
94-9191,,Aregos,,41.1064491271973,-8.00662231445313,,,0,,,
94-6395,,Areia-Darque,,41.6840858459473,-8.79927730560303,,,0,,,
94-29066,,Arentim,,41.48876953125,-8.51073360443115,,,0,,,
94-18044,,Areosa,,41.7186470031738,-8.85457897186279,,,0,,,
94-44248,,Arrifana,,40.9090766906738,-8.50119686126709,,,0,,,
94-57174,,Arronches,,39.0968627929688,-7.33337306976318,,,0,,,
94-57117,,Assumar,,39.1386985778809,-7.38204002380371,,,0,,,
94-38216,,Avanca,,40.8071365356445,-8.58450126647949,,,0,,,
94-38000,,Aveiro,,40.6452789306641,-8.63984107971191,,,0,,,
94-29108,,Aveleda,,41.5204315185547,-8.46817779541016,,,0,,,
71-10400,,Avila,,40.6572494506836,-4.68330812454224,,,0,,,
94-33001,,Azambuja,,39.067626953125,-8.86775302886963,,,0,,,
94-42051,,Azurva,,40.6396179199219,-8.58892726898193,,,0,,,
71-37606,,Badajoz,,38.8906898498535,-6.98174715042114,,,0,,,
94-95059,,Baixa da Banheira,,38.659969329834,-9.04549789428711,,,0,,,
94-48454,,Baracal,,40.6819305419922,-7.32174587249756,,,0,,,
94-52415,,Barca da Amieira-Envendos,,39.5260734558105,-7.83504199981689,,,0,,,
94-6122,,Barcelos,,41.5366287231445,-8.60897636413574,,,0,,,
94-9324,,Barqueiros,,41.1408805847168,-7.88749694824219,,,0,,,
94-51045,,Barquinha,,39.4618835449219,-8.43600368499756,,,0,,,
94-52241,,Barragem de Belver,,39.481861114502,-8.00187015533447,,,0,,,
94-95000,,Barreiro,,38.6536560058594,-9.080153465271,,,0,,,
94-95026,,Barreiro-A,,38.6598739624023,-9.07159423828125,,,0,,,
94-5058,,Barrimau,,41.3896331787109,-8.52624702453613,,,0,,,
94-6304,,Barroselas,,41.6463356018066,-8.70086193084717,,,0,,,
94-75002,,Beja,,38.018383026123,-7.85840606689453,,,0,,,
94-69054,,Belem,,38.6958770751953,-9.19676685333252,,,0,,,
94-52282,,Belver,,39.491943359375,-7.95906496047974,,,0,,,
94-55129,,Bemposta,,39.3524208068848,-8.13573265075684,,,0,,,
94-35170,,Bencanta,,40.214542388916,-8.45659637451172,,,0,,,
94-60046,,Benfica,,38.7445182800293,-9.20131969451904,,,0,,,
94-52878,,Benquerencas,,39.7879486083984,-7.56281900405884,,,0,,,
94-64022,,Bifurcacao de Lares,,40.1191482543945,-8.76298046112061,,,0,,,
94-31070,,Bobadela,,38.8062515258789,-9.09501266479492,,,0,,,
94-78147,,Boliqueime,,37.1230697631836,-8.15310287475586,,,0,,,
94-73031,,Bom Joao,,37.0140991210938,-7.9213981628418,,,0,,,
94-62703,,Bombarral,,39.2653999328613,-9.15335273742676,,,0,,,
94-31005,,Braco de Prata,,38.7466011047363,-9.10292434692383,,,0,,,
94-29157,,Braga,,41.5478744506836,-8.43464183807373,,,0,,,
71-11014,,Burgos Rosa de Lima,,42.3712043762207,-3.66631197929382,,,0,,,
94-8334,,Bustelo,,41.2353744506836,-8.27678394317627,,,0,,,
94-42150,,Cabanoes,,40.5870704650879,-8.49818229675293,,,0,,,
94-8029,,Cabeda,,41.2203330993652,-8.53469562530518,,,0,,,
94-73452,,Cacela,,37.1763877868652,-7.53862905502319,,,0,,,
94-15420,,Cachao,,41.3844528198242,-7.16795015335083,,,0,,,
94-38075,,Cacia,,40.6858139038086,-8.5966100692749,,,0,,,
94-8383,,Caide,,41.2524337768555,-8.2268238067627,,,0,,,
94-63008,,Caldas da Rainha,,39.4077033996582,-9.1406192779541,,,0,,,
94-9399,,Caldas de Moledo,,41.1527442932129,-7.82636117935181,,,0,,,
94-18242,,Caminha,,41.877685546875,-8.82559871673584,,,0,,,
94-60004,,Campolide,,38.7361030578613,-9.16818141937256,,,0,,,
94-46599,,Canas-Felgueira,,40.4906425476074,-7.90709209442139,,,0,,,
94-38117,,Canelas,,40.7171630859375,-8.56412696838379,,,0,,,
94-28100,,Canicos,,41.3639945983887,-8.43479347229004,,,0,,,
94-6197,,Carapecos,,41.5843772888184,-8.63388347625732,,,0,,,
94-69187,,Carcavelos,,38.6869468688965,-9.33719062805176,,,0,,,
94-40030,,Carrascal-Delongo,,39.5481147766113,-8.46243095397949,,,0,,,
94-18085,,Carreco,,41.751880645752,-8.86366653442383,,,0,,,
94-31336,,Carregado,,39.0043487548828,-8.95462322235107,,,0,,,
94-46482,,Carregal do Sal,,40.4362144470215,-8.0034008026123,,,0,,,
94-6056,,Carreira,,41.4865264892578,-8.5638313293457,,,0,,,
94-18416,,Carvalha,,41.984073638916,-8.68846702575684,,,0,,,
94-42309,,Carvalhal Portela,,40.6391944885254,-8.45183372497559,,,0,,,
94-38356,,Carvalheira-Maceda,,40.9252548217773,-8.62619018554688,,,0,,,
94-40113,,Carvalhos de Figueiredo,,39.5706748962402,-8.39507579803467,,,0,,,
94-74005,,Casa Branca,,38.4983291625977,-8.15867710113525,,,0,,,
94-35147,,Casais,,40.2048149108887,-8.48495197296143,,,0,,,
94-42168,,Casal Alvaro,,40.579833984375,-8.49191665649414,,,0,,,
94-69260,,Cascais,,38.7007637023926,-9.41856384277344,,,0,,,
94-31310,,Castanheira do Ribatejo,,38.9886512756348,-8.96498680114746,,,0,,,
94-46409,,Castelejo,,40.4078254699707,-8.08442306518555,,,0,,,
94-53009,,Castelo Branco,,39.8181076049805,-7.49091196060181,,,0,,,
94-49312,,Castelo Mendo,,40.558666229248,-6.9415979385376,,,0,,,
94-53314,,Castelo Novo,,40.0631866455078,-7.46207523345947,,,0,,,
94-73502,,Castro Marim,,37.1971473693848,-7.48453903198242,,,0,,,
94-44172,,Cavaco,,40.9395294189453,-8.53745269775391,,,0,,,
94-34330,,Caxarias,,39.7170524597168,-8.54949760437012,,,0,,,
94-69120,,Caxias,,38.6988868713379,-9.27444076538086,,,0,,,
94-48405,,Celorico da Beira,,40.6719627380371,-7.37613105773926,,,0,,,
94-49205,,Cerdeira,,40.5108871459961,-7.04733800888062,,,0,,,
94-8227,,Cete,,41.1722221374512,-8.35376453399658,,,0,,,
94-56101,,Chanca,,39.2757911682129,-7.80799293518066,,,0,,,
71-33013,,Ciudad Rodrigo,,40.608699798584,-6.53048992156982,,,0,,,
94-41020,,Coimbra,,40.2096748352051,-8.43318653106689,,,0,,,
94-36004,,Coimbra-B,,40.224365234375,-8.44046783447266,,,0,,,
94-39149,,Coimbroes,,41.1245384216309,-8.63337993621826,,,0,,,
94-73379,,Conceicao,,37.1444206237793,-7.60580110549927,,,0,,,
94-48066,,Contencas,,40.5668067932129,-7.71442079544067,,,0,,,
94-3004,,Contumil,,41.1683959960938,-8.57565021514893,,,0,,,
94-38372,,Cortegaca,,40.9415702819824,-8.63062953948975,,,0,,,
94-29033,,Couto de Cambeses,,41.4808235168457,-8.52917766571045,,,0,,,
94-44297,,Couto de Cucujaes,,40.8680763244629,-8.49420166015625,,,0,,,
94-28290,,Covas,,41.4242362976074,-8.30090045928955,,,0,,,
94-10090,,Covelinhas,,41.1525993347168,-7.68790006637573,,,0,,,
94-54007,,Covilha,,40.2774810791016,-7.49611616134644,,,0,,,
94-56267,,Crato,,39.2695617675781,-7.63573694229126,,,0,,,
94-69104,,Cruz Quebrada,,38.6999206542969,-9.25218868255615,,,0,,,
94-74476,,Cuba,,38.1637687683105,-7.89512777328491,,,0,,,
94-28209,,Cuca,,41.3759803771973,-8.33824920654297,,,0,,,
94-37119,,Curia,,40.4257431030273,-8.45589065551758,,,0,,,
94-40063,,Curvaceiras,,39.5478858947754,-8.42992877960205,,,0,,,
94-62802,,Dagorda-Peniche,,39.348461151123,-9.17050266265869,,,0,,,
94-6387,,Darque,,41.6798362731934,-8.78090476989746,,,0,,,
94-62380,,Dois Portos,,39.0440368652344,-9.18427276611328,,,0,,,
94-53520,,Donas,,40.132080078125,-7.472571849823,,,0,,,
94-6262,,Durraes,,41.6389007568359,-8.66616058349609,,,0,,,
94-42119,,Eirol,,40.609432220459,-8.5317964553833,,,0,,,
94-42077,,Eixo,,40.6312828063965,-8.56804752349854,,,0,,,
94-57497,,Elvas,,38.8956565856934,-7.14226198196411,,,0,,,
94-34009,,Entroncamento,,39.461597442627,-8.47418022155762,,,0,,,
94-4002,,Ermesinde,,41.2173500061035,-8.5542516708374,,,0,,,
94-9258,,Ermida,,41.1245384216309,-7.95009708404541,,,0,,,
94-93005,,Ermidas-Sado,,38.0028953552246,-8.41385364532471,,,0,,,
94-44222,,Escapaes,,40.9178237915039,-8.51114273071289,,,0,,,
94-42028,,Esgueira,,40.6414909362793,-8.61986923217773,,,0,,,
94-5033,,Esmeriz,,41.3782196044922,-8.51963138580322,,,0,,,
94-38406,,Esmoriz,,40.9630737304688,-8.63551044464111,,,0,,,
94-31401,,Espadanal da Azambuja,,39.0505104064941,-8.90289497375488,,,0,,,
94-35162,,Espadaneira,,40.2090797424316,-8.47103786468506,,,0,,,
94-39008,,Espinho,,41.0061950683594,-8.64448547363281,,,0,,,
94-44016,,Espinho-Vouga,,41.0023460388184,-8.64345073699951,,,0,,,
94-18291,,Esqueiro,,41.9159736633301,-8.78014278411865,,,0,,,
94-38158,,Estarreja,,40.7512092590332,-8.57563591003418,,,0,,,
94-90241,,Estombar-Lagoa,,37.1429595947266,-8.4835729598999,,,0,,,
94-69245,,Estoril,,38.7022857666016,-9.39833641052246,,,0,,,
94-83006,,Evora,,38.5586624145508,-7.90845394134521,,,0,,,
94-5074,,Famalicao,,41.4045524597168,-8.52973747253418,,,0,,,
94-63180,,Famalicao da Nazare,,39.5297431945801,-9.08948993682861,,,0,,,
94-44271,,Faria,,40.879093170166,-8.49497985839844,,,0,,,
94-73007,,Faro,,37.0186729431152,-7.9399299621582,,,0,,,
94-53462,,Fatela-Penamacor,,40.1495513916016,-7.41081190109253,,,0,,,
94-34249,,Fatima,,39.6538696289063,-8.49343013763428,,,0,,,
94-62364,,Feliteira,,39.0234680175781,-9.17913818359375,,,0,,,
94-71050,,Fernando Po,,38.6362075805664,-8.69304752349854,,,0,,,
94-11114,,Ferradosa,,41.1446228027344,-7.33130407333374,,,0,,,
94-90274,,Ferragudo,,37.1396102905273,-8.51513862609863,,,0,,,
94-10165,,Ferrao,,41.1616516113281,-7.60998678207397,,,0,,,
94-29132,,Ferreiros,,41.5314712524414,-8.44055271148682,,,0,,,
94-64113,,Figueira da Foz,,40.1487655639648,-8.84336376190186,,,0,,,
94-64089,,Fontela,,40.140983581543,-8.81063461303711,,,0,,,
94-64097,,Fontela-A,,40.1459541320801,-8.82238864898682,,,0,,,
94-35030,,Formoselha,,40.179328918457,-8.60684871673584,,,0,,,
94-48249,,Fornos de Algodres,,40.6120376586914,-7.52476215362549,,,0,,,
94-39081,,Francelos,,41.0824890136719,-8.6472053527832,,,0,,,
94-52571,,Fratel,,39.6138229370117,-7.7157769203186,,,0,,,
94-15453,,Frechas,,41.4092483520508,-7.1608772277832,,,0,,,
94-49387,,Freineda,,40.6014175415039,-6.90432596206665,,,0,,,
94-11247,,Freixo de Numao-Mos do Douro,,41.1347312927246,-7.21048498153687,,,0,,,
71-33016,,Fuentes de Onoro,,40.5984992980957,-6.82455015182495,,,0,,,
94-77008,,Funcheira,,37.7277565002441,-8.33765697479248,,,0,,,
94-53546,,Fundao,,40.1410713195801,-7.49657583236694,,,0,,,
94-34199,,Fungalvaz,,39.6163215637207,-8.49483680725098,,,0,,,
94-73205,,Fuseta,,37.0601654052734,-7.75146818161011,,,0,,,
94-73197,,Fuseta-A,,37.0535469055176,-7.74982500076294,,,0,,,
94-49049,,Gata,,40.5219573974609,-7.21446895599365,,,0,,,
94-39172,,General Torres,,41.1334953308105,-8.60739803314209,,,0,,,
94-28159,,Giesteira,,41.3651161193848,-8.38712501525879,,,0,,,
94-9423,,Godim,,41.1663856506348,-7.7972559928894,,,0,,,
94-18325,,Gondarem,,41.9199600219727,-8.76311779022217,,,0,,,
94-48165,,Gouveia,,40.5739822387695,-7.60091400146484,,,0,,,
94-92577,,Grandola,,38.1814384460449,-8.55458736419678,,,0,,,
94-39040,,Granja,,41.039234161377,-8.64735507965088,,,0,,,
94-49007,,Guarda,,40.5525321960449,-7.23981618881226,,,0,,,
94-63800,,Guia,,39.9561996459961,-8.80200004577637,,,0,,,
94-24000,,Guimaraes,,41.4353713989258,-8.29414176940918,,,0,,,
87-67700,,Hendaye,,43.3530616760254,-1.78183805942535,,,0,,,
94-8243,,Irivo,,41.1822319030762,-8.34179306030273,,,0,,,
71-11600,,Irun,,43.3395767211914,-1.80019104480743,,,0,,,
94-62257,,Jerumelo,,38.9499816894531,-9.23270606994629,,,0,,,
94-9050,,Juncal,,41.1421813964844,-8.12075424194336,,,0,,,
94-90464,,Lagos,,37.109619140625,-8.67430114746094,,,0,,,
94-34090,,Lamarosa,,39.5276985168457,-8.46846103668213,,,0,,,
94-44057,,Lapa,,40.9838485717773,-8.60552215576172,,,0,,,
94-46581,,Lapa do Lobo,,40.4754028320313,-7.92001914978027,,,0,,,
94-53215,,Lardosa,,39.9885063171387,-7.44081783294678,,,0,,,
94-64055,,Lares,,40.1270408630371,-8.78332328796387,,,0,,,
94-15495,,Latadas,,41.4168319702148,-7.15810203552246,,,0,,,
94-95042,,Lavradio,,38.6620903015137,-9.05944633483887,,,0,,,
94-4036,,Leandro,,41.2435302734375,-8.55669498443604,,,0,,,
94-63560,,Leiria,,39.7566032409668,-8.82803440093994,,,0,,,
94-69005,,Lisboa - Cais do Sodre,,38.7059059143066,-9.14438056945801,,,0,,,
94-66050,,Lisboa - Entrecampos,,38.7448501586914,-9.1476001739502,,,0,,,
94-31039,,Lisboa - Oriente,,38.7677841186523,-9.09811973571777,,,0,,,
94-59006,,Lisboa - Rossio,,38.7147598266602,-9.14590167999268,,,0,,,
94-30007,,Lisboa - Santa Apolonia,,38.7144889831543,-9.12229156494141,,,0,,,
94-66076,,Lisboa - Sete Rios,,38.7404327392578,-9.16567516326904,,,0,,,
94-34504,,Litem,,39.8377723693848,-8.60030269622803,,,0,,,
94-8474,,Livracao,,41.2167434692383,-8.15565299987793,,,0,,,
94-73239,,Livramento,,37.0735549926758,-7.73206901550293,,,0,,,
94-28191,,Lordelo,,41.3666458129883,-8.36227130889893,,,0,,,
94-78238,,Loule,,37.1045532226563,-8.05861568450928,,,0,,,
94-63875,,Lourical,,40.0122871398926,-8.8137321472168,,,0,,,
94-5116,,Louro,,41.4367256164551,-8.5377197265625,,,0,,,
94-5009,,Lousado,,41.3511009216309,-8.5266580581665,,,0,,,
94-46094,,Luso-Bucaco,,40.39013671875,-8.38569259643555,,,0,,,
94-73262,,Luz,,37.088981628418,-7.70022106170654,,,0,,,
94-48488,,Macal do Chao,,40.695873260498,-7.3020601272583,,,0,,,
94-42325,,Macinhata,,40.6532783508301,-8.4583215713501,,,0,,,
94-39123,,Madalena,,41.1119575500488,-8.63780212402344,,,0,,,
71-17000,,Madrid,,40.4721031188965,-3.68283104896545,,,0,,,
94-62166,,Mafra,,38.8974494934082,-9.29176425933838,,,0,,,
94-62224,,Malveira,,38.9289817810059,-9.25652122497559,,,0,,,
94-48009,,Mangualde,,40.5864906311035,-7.76026296615601,,,0,,,
94-9001,,Marco de Canaveses,,41.1805572509766,-8.13645935058594,,,0,,,
94-63461,,Marinha Grande,,39.7371406555176,-8.92549419403076,,,0,,,
94-63404,,Martinganca-Maceira,,39.6874122619629,-8.94599437713623,,,0,,,
94-65052,,Marujal,,40.1399841308594,-8.67714500427246,,,0,,,
94-66019,,Marvila,,38.7387275695801,-9.10931777954102,,,0,,,
94-60137,,Massama-Barcarena,,38.7506484985352,-9.28059959411621,,,0,,,
94-32383,,Mato de Miranda,,39.3679847717285,-8.55483245849609,,,0,,,
94-29116,,Mazagao,,41.5271644592285,-8.45761585235596,,,0,,,
94-37051,,Mealhada,,40.3762855529785,-8.4538745880127,,,0,,,
71-10500,,Medina del Campo,,41.3176155090332,-4.90991306304932,,,0,,,
94-90431,,Meia Praia,,37.1173896789551,-8.64916896820068,,,0,,,
94-8359,,Meinedo,,41.2487678527832,-8.25872707366943,,,0,,,
94-61051,,Merces,,38.7908515930176,-9.32874202728271,,,0,,,
94-77735,,Messines-Alte,,37.255485534668,-8.2905969619751,,,0,,,
94-90381,,Mexilhoeira Grande,,37.1530876159668,-8.60780143737793,,,0,,,
94-6080,,Midoes,,41.5079650878906,-8.5817403793335,,,0,,,
94-62042,,Mira Sintra-Melecas,,38.7930335998535,-9.31314945220947,,,0,,,
94-39073,,Miramar,,41.0683517456055,-8.6491870880127,,,0,,,
71-11200,,Miranda de Ebro,,42.6910133361816,-2.94038891792297,,,0,,,
94-16006,,Mirandela,,41.4815406799316,-7.18121576309204,,,0,,,
94-9225,,Mirao,,41.1175956726074,-7.97189807891846,,,0,,,
94-49239,,Miuzela,,40.5206260681152,-7.011305809021,,,0,,,
94-37143,,Mogofores,,40.450740814209,-8.45952129364014,,,0,,,
94-46763,,Moimenta-Alcafache,,40.5814666748047,-7.78930377960205,,,0,,,
94-95109,,Moita,,38.6452713012695,-8.99785709381104,,,0,,,
94-18200,,Moledo do Minho,,41.8521461486816,-8.86066055297852,,,0,,,
94-60111,,Monte Abraao,,38.7570686340332,-9.26375579833984,,,0,,,
94-46219,,Monte de Lobos,,40.4083251953125,-8.26500129699707,,,0,,,
94-44040,,Monte de Paramos,,40.981029510498,-8.62261486053467,,,0,,,
94-69252,,Monte Estoril,,38.7036781311035,-9.4066333770752,,,0,,,
94-73544,,Monte Gordo,,37.1899833679199,-7.44915103912354,,,0,,,
94-63685,,Monte Real,,39.8619613647461,-8.84578418731689,,,0,,,
94-63735,,Monte Redondo,,39.9068298339844,-8.83127117156982,,,0,,,
94-65029,,Montemor,,40.1600570678711,-8.65578460693359,,,0,,,
94-46243,,Mortagua,,40.3920478820801,-8.24291610717773,,,0,,,
94-31047,,Moscavide,,38.7761573791504,-9.09929275512695,,,0,,,
94-9134,,Mosteiro,,41.0946159362793,-8.06912708282471,,,0,,,
94-5108,,Mouquim,,41.4277153015137,-8.52144813537598,,,0,,,
94-42259,,Mourisca Vouga,,40.6036071777344,-8.460373878479,,,0,,,
94-52167,,Mouriscas-A,,39.4679527282715,-8.08587169647217,,,0,,,
94-46672,,Nelas,,40.5301170349121,-7.85009908676147,,,0,,,
94-28266,,Nespereira,,41.405704498291,-8.32014846801758,,,0,,,
94-6007,,Nine,,41.4547424316406,-8.54430961608887,,,0,,,
94-62836,,Obidos,,39.3682899475098,-9.15475368499756,,,0,,,
94-69179,,Oeiras,,38.6886138916016,-9.31901359558105,,,0,,,
94-37275,,Oia,,40.5444869995117,-8.55060195922852,,,0,,,
94-8250,,Oleiros,,41.1939697265625,-8.33741664886475,,,0,,,
94-73106,,Olhao,,37.0304107666016,-7.84010601043701,,,0,,,
94-8409,,Oliveira,,41.2575492858887,-8.19854259490967,,,0,,,
94-44339,,Oliveira de Azemeis,,40.8398551940918,-8.48183727264404,,,0,,,
94-37218,,Oliveira do Bairro,,40.5106925964355,-8.49930953979492,,,0,,,
94-46524,,Oliveirinha-Cabanas,,40.450252532959,-7.96362686157227,,,0,,,
94-42176,,Oronhe,,40.5749130249023,-8.46659660339355,,,0,,,
94-62612,,Outeiro,,39.1915702819824,-9.17721652984619,,,0,,,
94-38299,,Ovar,,40.8644943237305,-8.61685466766357,,,0,,,
94-69146,,Paco de Arcos,,38.6966705322266,-9.2887601852417,,,0,,,
94-44107,,Pacos de Brandao,,40.9722175598145,-8.58437824249268,,,0,,,
94-34157,,Paialvo,,39.5799942016602,-8.47405242919922,,,0,,,
94-9100,,Pala,,41.1034622192383,-8.08994293212891,,,0,,,
94-68080,,Palmela,,38.5772361755371,-8.8739070892334,,,0,,,
94-37002,,Pampilhosa,,40.3361129760742,-8.42953968048096,,,0,,,
94-46441,,Papizios,,40.4204597473145,-8.05020904541016,,,0,,,
94-8201,,Parada,,41.1601295471191,-8.37276935577393,,,0,,,
94-37184,,Paraimo-Sangalhos,,40.4810981750488,-8.48033428192139,,,0,,,
94-38414,,Paramos,,40.976936340332,-8.63722038269043,,,0,,,
94-69203,,Parede,,38.6898574829102,-9.35635471343994,,,0,,,
94-8276,,Paredes,,41.2041244506836,-8.32388019561768,,,0,,,
94-78295,,Parque das Cidades,,37.0819664001465,-7.98649978637695,,,0,,,
94-63354,,Pataias,,39.6568717956543,-8.98398780822754,,,0,,,
94-62745,,Paul,,39.2996368408203,-9.16552925109863,,,0,,,
94-62133,,Pedra Furada,,38.8670501708984,-9.29549026489258,,,0,,,
94-46060,,Pego,,40.3650779724121,-8.39009094238281,,,0,,,
94-71126,,Pegoes,,38.6622619628906,-8.61941337585449,,,0,,,
94-34702,,Pelariga,,39.9671859741211,-8.63278675079346,,,0,,,
94-8318,,Penafiel,,41.2180938720703,-8.29452991485596,,,0,,,
94-95125,,Penteado,,38.6383666992188,-8.9568042755127,,,0,,,
94-35055,,Pereira,,40.1863059997559,-8.5842752456665,,,0,,,
94-28217,,Pereirinhas,,41.3774223327637,-8.32435131072998,,,0,,,
94-62315,,Pero Negro,,38.9882354736328,-9.1975793838501,,,0,,,
94-68007,,Pinhal Novo,,38.6299819946289,-8.91298007965088,,,0,,,
94-10249,,Pinhao,,41.1902885437012,-7.54476022720337,,,0,,,
94-71001,,Poceirao,,38.6343994140625,-8.74330043792725,,,0,,,
94-12005,,Pocinho,,41.1304016113281,-7.12337779998779,,,0,,,
94-90134,,Poco Barreto,,37.1640281677246,-8.38637542724609,,,0,,,
94-34645,,Pombal,,39.9168815612793,-8.6300220489502,,,0,,,
94-55293,,Ponte de Sor,,39.2652244567871,-8.01333427429199,,,0,,,
94-73338,,Porta Nova,,37.133056640625,-7.64905118942261,,,0,,,
94-57000,,Portalegre,,39.1992797851563,-7.46161985397339,,,0,,,
94-4101,,Portela,,41.3005180358887,-8.54856204986572,,,0,,,
94-61093,,Portela de Sintra,,38.8024940490723,-9.37045288085938,,,0,,,
94-90290,,Portimao,,37.1445617675781,-8.53752899169922,,,0,,,
94-2006,,Porto - Campanha,,41.1496238708496,-8.58551406860352,,,0,,,
94-1008,,Porto - Sao Bento,,41.1456642150879,-8.60959243774414,,,0,,,
94-9282,,Porto de Rei,,41.1215476989746,-7.9096508026123,,,0,,,
94-31146,,Povoa,,38.8592567443848,-9.06431007385254,,,0,,,
94-68130,,Praca do Quebedo,,38.5256462097168,-8.88649654388428,,,0,,,
94-17087,,Pragal,,38.6660385131836,-9.17959785461426,,,0,,,
94-51128,,Praia do Ribatejo,,39.4672012329102,-8.34792804718018,,,0,,,
94-91058,,Praias Sado-A,,38.5119285583496,-8.8497314453125,,,0,,,
94-60103,,Queluz-Belas,,38.7584266662598,-9.25449371337891,,,0,,,
94-37358,,Quintans,,40.5909996032715,-8.61276054382324,,,0,,,
94-62547,,Ramalhal,,39.1399574279785,-9.21555042266846,,,0,,,
94-60095,,Reboleira,,38.7512245178223,-9.22396945953369,,,0,,,
94-8177,,Recarei-Sobreira,,41.153491973877,-8.39850616455078,,,0,,,
94-8441,,Recesinhos,,41.2303771972656,-8.17469024658203,,,0,,,
94-9357,,Rede,,41.1606979370117,-7.86499214172363,,,0,,,
94-10009,,Regua,,41.1585502624512,-7.78334093093872,,,0,,,
94-33084,,Reguengo-V.Pedra-Pontevel,,39.0989837646484,-8.7941427230835,,,0,,,
94-52845,,Retaxo,,39.7695426940918,-7.59149694442749,,,0,,,
94-65128,,Reveles,,40.1298675537109,-8.74546527862549,,,0,,,
94-32466,,Riachos-T.Novas-Golega,,39.4318923950195,-8.50491046905518,,,0,,,
94-61044,,Rio de Mouro,,38.783863067627,-9.3206033706665,,,0,,,
94-44115,,Rio Meao,,40.9609375,-8.57114124298096,,,0,,,
94-3038,,Rio Tinto,,41.1844177246094,-8.55731201171875,,,0,,,
94-49163,,Rochoso,,40.5063858032227,-7.09025478363037,,,0,,,
94-66035,,Roma - Areeiro,,38.7457427978516,-9.13535308837891,,,0,,,
94-62422,,Runa,,39.0744514465332,-9.21030807495117,,,0,,,
94-29074,,Ru√≠lhe,,41.4965553283691,-8.49769306182861,,,0,,,
94-62091,,Sabugo,,38.8268013000488,-9.30108261108398,,,0,,,
94-31062,,Sacavem,,38.7952346801758,-9.09974384307861,,,0,,,
71-30100,,Salamanca,,40.972240447998,-5.64898204803467,,,0,,,
94-63107,,Salir do Porto,,39.4873809814453,-9.14772033691406,,,0,,,
94-38125,,Salreu,,40.7335205078125,-8.56633281707764,,,0,,,
94-44073,,Sampaio-Oleiros,,40.9835395812988,-8.582444190979,,,0,,,
71-11511,,San Sebastian,,43.3176727294922,-1.97670900821686,,,0,,,
94-44198,,Sanfins,,40.9241943359375,-8.53563117980957,,,0,,,
94-40105,,Santa Cita,,39.5505638122559,-8.40055179595947,,,0,,,
94-77388,,Santa Clara-Saboia,,37.4957046508789,-8.48135471343994,,,0,,,
94-46367,,Santa Comba Dao,,40.3904724121094,-8.12442207336426,,,0,,,
94-57315,,Santa Eulalia-A,,39.0060691833496,-7.25337886810303,,,0,,,
94-31112,,Santa Iria,,38.8383445739746,-9.0815544128418,,,0,,,
94-51185,,Santa Margarida,,39.4491004943848,-8.29839038848877,,,0,,,
94-32045,,Santana-Cartaxo,,39.1442527770996,-8.75917625427246,,,0,,,
94-32185,,Santarem,,39.2419166564941,-8.6752462387085,,,0,,,
94-44313,,Santiago de Riba-Ul,,40.8512802124023,-8.48960494995117,,,0,,,
94-69161,,Santo Amaro,,38.6867904663086,-9.31154727935791,,,0,,,
94-28068,,Santo Tirso,,41.3523063659668,-8.47443199157715,,,0,,,
94-69013,,Santos,,38.7062530517578,-9.15532398223877,,,0,,,
94-4051,,Sao Frutuoso,,41.258056640625,-8.55815410614014,,,0,,,
94-44255,,Sao Joao da Madeira,,40.8985595703125,-8.49530220031738,,,0,,,
94-71159,,Sao Joao das Craveiras,,38.6681938171387,-8.58564758300781,,,0,,,
94-44156,,Sao Joao de Ver,,40.9553527832031,-8.55112552642822,,,0,,,
94-69237,,Sao Joao do Estoril,,38.7010154724121,-9.38617897033691,,,0,,,
94-42093,,Sao Joao Loure,,40.6223564147949,-8.54875755310059,,,0,,,
94-62786,,Sao Mamede,,39.326042175293,-9.18111991882324,,,0,,,
94-8102,,Sao Martinho do Campo,,41.169490814209,-8.46747493743896,,,0,,,
94-63131,,Sao Martinho do Porto,,39.501953125,-9.1350269317627,,,0,,,
94-18440,,Sao Pedro da Torre,,42.0020523071289,-8.65749168395996,,,0,,,
94-69229,,Sao Pedro do Estoril,,38.6961250305176,-9.37043380737305,,,0,,,
94-4077,,Sao Romao,,41.2775192260742,-8.55453014373779,,,0,,,
94-62299,,Sapataria,,38.9689292907715,-9.19954395294189,,,0,,,
94-52803,,Sarnadas,,39.7560157775879,-7.62401008605957,,,0,,,
94-34264,,Seica-Ourem,,39.6818046569824,-8.50692367553711,,,0,,,
94-18275,,Seixas,,41.9011154174805,-8.81012916564941,,,0,,,
94-18234,,Senhora da Agonia,,41.8730506896973,-8.83668231964111,,,0,,,
94-6312,,Senhora das Neves,,41.6466407775879,-8.72043895721436,,,0,,,
94-43000,,Sernada do Vouga,,40.671817779541,-8.45157623291016,,,0,,,
94-32003,,Setil,,39.1129913330078,-8.77872562408447,,,0,,,
94-68122,,Setubal,,38.5307273864746,-8.88493919372559,,,0,,,
94-6155,,Silva,,41.5657768249512,-8.6276330947876,,,0,,,
94-38422,,Silvalde,,40.991268157959,-8.64097118377686,,,0,,,
94-44032,,Silvalde-Vouga,,40.9922485351563,-8.63389873504639,,,0,,,
94-90183,,Silves,,37.1756706237793,-8.43765640258789,,,0,,,
94-34744,,Simoes,,40.0159797668457,-8.63507556915283,,,0,,,
94-61101,,Sintra,,38.8014640808105,-9.37950325012207,,,0,,,
94-53264,,Soalheira,,40.0263900756836,-7.45425176620483,,,0,,,
94-48728,,Sobral,,40.610221862793,-7.25598001480103,,,0,,,
94-46185,,Soito,,40.4150581359863,-8.30206489562988,,,0,,,
94-40014,,Soudos-Vila Nova,,39.5422096252441,-8.47200393676758,,,0,,,
94-34801,,Soure,,40.0600128173828,-8.63773918151855,,,0,,,
94-36087,,Souselas,,40.2856407165527,-8.42592525482178,,,0,,,
94-60038,,Sta Cruz - Damaia,,38.7471466064453,-9.21399116516113,,,0,,,
94-8060,,Suzao,,41.1969909667969,-8.50144100189209,,,0,,,
94-29090,,Tadim,,41.5089645385742,-8.48307800292969,,,0,,,
94-42127,,Taipa-Requeixo,,40.6011581420898,-8.52459335327148,,,0,,,
94-6213,,Tamel,,41.6088218688965,-8.63490581512451,,,0,,,
94-51086,,Tancos,,39.4611167907715,-8.39600658416748,,,0,,,
94-35139,,Taveiro,,40.2057800292969,-8.5012674331665,,,0,,,
94-73320,,Tavira,,37.1208610534668,-7.6557822227478,,,0,,,
94-62067,,Telhal,,38.8054313659668,-9.30316352844238,,,0,,,
94-8136,,Terronhas,,41.1637725830078,-8.43795490264893,,,0,,,
94-52738,,Tojeirinha,,39.7153930664063,-7.683434009552,,,0,,,
94-40154,,Tomar,,39.5984039306641,-8.41320037841797,,,0,,,
94-56002,,Torre das Vargens,,39.3097991943359,-7.90873289108276,,,0,,,
94-62471,,Torres Vedras,,39.0934791564941,-9.25553035736084,,,0,,,
94-53678,,Tortosendo,,40.2382469177246,-7.51276683807373,,,0,,,
94-51243,,Tramagal,,39.4606513977051,-8.24842834472656,,,0,,,
94-8151,,Trancoso,,41.1612586975098,-8.41866493225098,,,0,,,
94-4010,,Travagem,,41.2286911010742,-8.55178260803223,,,0,,,
94-42135,,Travasso,,40.5941734313965,-8.51444721221924,,,0,,,
94-46136,,Trezoi,,40.3945922851563,-8.34141826629639,,,0,,,
94-4630,,Trofa,,41.3374099731445,-8.54762554168701,,,0,,,
94-11007,,Tua,,41.2073554992676,-7.41997289657593,,,0,,,
94-78006,,Tunes,,37.1634902954102,-8.25507354736328,,,0,,,
94-46045,,Vacarica,,40.3566513061523,-8.41195583343506,,,0,,,
94-39115,,Valadares,,41.0995483398438,-8.63193702697754,,,0,,,
94-63263,,Valado,,39.5847053527832,-9.01786708831787,,,0,,,
94-32284,,Vale de Figueira,,39.3137664794922,-8.63001155853271,,,0,,,
94-53397,,Vale de Prazeres,,40.1147804260254,-7.42482900619507,,,0,,,
94-32102,,Vale de Santarem,,39.1867256164551,-8.72389698028564,,,0,,,
94-38240,,Valega,,40.8348922729492,-8.60191440582275,,,0,,,
94-7005,,Valenca,,42.0249824523926,-8.63930130004883,,,0,,,
71-10600,,Valladolid-Campo Grande,,41.6421661376953,-4.72697401046753,,,0,,,
94-8086,,Valongo,,41.1880264282227,-8.48719501495361,,,0,,,
94-42291,,Valongo Vouga,,40.6241645812988,-8.45005321502686,,,0,,,
94-11148,,Vargelas,,41.1434288024902,-7.31547117233276,,,0,,,
94-68049,,Venda do Alcaide,,38.6100120544434,-8.89137363433838,,,0,,,
94-72009,,Vendas Novas,,38.679557800293,-8.45469665527344,,,0,,,
94-34553,,Vermoil,,39.8550643920898,-8.65492820739746,,,0,,,
94-65086,,Verride,,40.1397323608398,-8.70376873016357,,,0,,,
94-11197,,Vesuvio,,41.1414527893066,-7.26157903671265,,,0,,,
94-18002,,Viana do Castelo,,41.6960296630859,-8.83040714263916,,,0,,,
71-22308,,Vigo-Guixar,,42.2394905090332,-8.7118034362793,,,0,,,
94-44206,,Vila da Feira,,40.9187927246094,-8.52662372589111,,,0,,,
94-28134,,Vila das Aves,,41.3596496582031,-8.401930809021,,,0,,,
94-49114,,Vila Fernando,,40.4981155395508,-7.15217876434326,,,0,,,
94-48546,,Vila Franca das Naves,,40.7269477844238,-7.25617790222168,,,0,,,
94-31278,,Vila Franca de Xira,,38.9547004699707,-8.98648643493652,,,0,,,
94-49072,,Vila Garcia,,40.5059280395508,-7.18490409851074,,,0,,,
94-8433,,Vila Mea,,41.2458457946777,-8.18461036682129,,,0,,,
94-74278,,Vila Nova da Baronia,,38.294490814209,-8.03543281555176,,,0,,,
94-31377,,Vila Nova da Rainha,,39.036205291748,-8.92869567871094,,,0,,,
94-34868,,Vila Nova de Ancos,,40.1135864257813,-8.63930225372314,,,0,,,
94-18341,,Vila Nova de Cerveira,,41.9462623596191,-8.74342823028564,,,0,,,
94-39164,,Vila Nova de Gaia-Devesas,,41.1300430297852,-8.6202278137207,,,0,,,
94-35105,,Vila Pouca do Campo,,40.192943572998,-8.52630519866943,,,0,,,
94-73569,,Vila Real de Santo Antonio,,37.199836730957,-7.42158794403076,,,0,,,
94-52647,,Vila Velha de Rodao,,39.655029296875,-7.67290210723877,,,0,,,
94-49460,,Vilar Formoso,,40.6061744689941,-6.82911396026611,,,0,,,
94-36053,,Vilela-Fornos,,40.2625350952148,-8.44158840179443,,,0,,,
94-33043,,Virtudes,,39.0858421325684,-8.82994842529297,,,0,,,
71-11208,,Vitoria,,42.8415145874023,-2.67261099815369,,,0,,,
94-28233,,Vizela,,41.3811340332031,-8.31340026855469,,,0,,,
94-62331,,Zibreira,,39.0065650939941,-9.18311786651611,,,0,,,
